"","Sampletype","Calibtype","Calibnum","Sampnum","ab","Samp","SampleID","Temp","Pressure_inHg","Pressure","Index","Time","X28","X32","X40","X15","X99","X29","X34","N2.Ar","O2.Ar","29/28","34/32","Sampleset","Treatment","Sampletime","Location","samptype","Sampler","Date","Comments","waterbath1","waterbath2","rundate","nar","O2ar","watdensv","osat1v","nsatv","arsatv","narsat","O2arsat","coef1","coef2","narcalc","arcoef1","arcoef2","arconc","nconc","O2conc","O2arcalc"
"1","Samp",NA,NA,1,"a",3,"J66",17.71,26.51,673.353992178914,30838,1899-12-31 12:53:34,1.047047e-08,4.895384e-09,2.543191e-10,1.370711e-11,4.018104e-07,7.310844e-11,1.888262e-11,41.1706,19.24899,0.006982346,0.00385723,NA,NA,2018-09-28 08:00:00,"OakWillow",NA,"JRB",NA,NA,NA,NA,NA,41.1706,19.24899,0.998647747681769,8.41561945136947,13.845700144429,0.514625581024425,26.9044148891072,16.3528976437921,0.557481862944659,0.641500502175426,26.9684424378083,-0.12525367881,2505658726.09529,0.511983193317702,21.0786552588058,7.52674822780808,15.264211275505
"2","Samp",NA,NA,1,"b",3,"J66",17.71,26.51,673.353992178914,30850,1899-12-31 12:54:10,1.047607e-08,4.894217e-09,2.544519e-10,1.379176e-11,4.013913e-07,7.313017e-11,1.886762e-11,41.17111,19.23435,0.006980689,0.003855084,NA,NA,2018-09-28 08:00:00,"OakWillow",NA,"JRB",NA,NA,NA,NA,NA,41.17111,19.23435,0.998647747681769,8.41561945136947,13.845700144429,0.514625581024425,26.9044148891072,16.3528976437921,0.557481862944659,0.641500502175426,26.9687696030644,-0.12525367881,2505658726.09529,0.512315944796528,21.0926161179718,7.52495394258309,15.2526019363619
"3","Samp",NA,NA,1,"a",4,"J62",20.7,26.44,671.575992199565,30901,1899-12-31 12:56:42,1.008361e-08,4.550073e-09,2.437577e-10,1.44155e-11,3.80234e-07,7.037931e-11,1.757038e-11,41.36734,18.66638,0.006979577,0.003861561,NA,NA,2018-09-28 00:00:00,"OakWillow",NA,"JRB",NA,NA,NA,NA,NA,41.36734,18.66638,0.998055887903758,7.8982172285295,13.074286517297,0.483225683266661,27.0562740558683,16.3447794726817,0.557481862944659,0.641500502175426,27.0946512466063,-0.12525367881,2505658726.09529,0.485519929247919,20.0846679899746,6.9958258410673,14.8022087428411
"4","Samp",NA,NA,1,"b",4,"J62",20.7,26.44,671.575992199565,30911,1899-12-31 12:57:12,1.008348e-08,4.548287e-09,2.438041e-10,1.44118e-11,3.801352e-07,7.037496e-11,1.753208e-11,41.35895,18.6555,0.006979232,0.003854656,NA,NA,2018-09-28 00:00:00,"OakWillow",NA,"JRB",NA,NA,NA,NA,NA,41.35895,18.6555,0.998055887903758,7.8982172285295,13.074286517297,0.483225683266661,27.0562740558683,16.3447794726817,0.557481862944659,0.641500502175426,27.089269057393,-0.12525367881,2505658726.09529,0.48563619181281,20.0854029753764,6.99307983128852,14.7935810372484
"5","Samp",NA,NA,1,"a",5,"J52",19.18,26.42,671.067992205466,30960,1899-12-31 12:59:38,1.014877e-08,4.702871e-09,2.459379e-10,1.014951e-11,3.852666e-07,7.095281e-11,1.817542e-11,41.26556,19.12219,0.006991274,0.003864749,NA,NA,2018-09-27 06:00:00,"OakLolomai",NA,"JRB",NA,NA,NA,NA,NA,41.26556,19.12219,0.998368747170606,8.13675196108184,13.42696239724,0.49769497883427,26.9782958805198,16.3488729183891,0.557481862944659,0.641500502175426,27.0293593254948,-0.12525367881,2505658726.09529,0.490982766402552,20.2606788059505,7.23075574150261,15.1636604419426
"6","Samp",NA,NA,1,"b",5,"J52",19.18,26.42,671.067992205466,30970,1899-12-31 13:00:08,1.014119e-08,4.702337e-09,2.457826e-10,1.011318e-11,3.848633e-07,7.086892e-11,1.812855e-11,41.26083,19.1321,0.006988223,0.003855222,NA,NA,2018-09-27 06:00:00,"OakLolomai",NA,"JRB",NA,NA,NA,NA,NA,41.26083,19.1321,0.998368747170606,8.13675196108184,13.42696239724,0.49769497883427,26.9782958805198,16.3488729183891,0.557481862944659,0.641500502175426,27.0263250281195,-0.12525367881,2505658726.09529,0.490593637602389,20.2423006801938,7.22993470610403,15.1715189495184
"7","Samp",NA,NA,1,"a",6,"J63",18.72,26.47,672.337992190715,31015,1899-12-31 13:02:22,1.030368e-08,4.679986e-09,2.499579e-10,1.403993e-11,3.881337e-07,7.196541e-11,1.808915e-11,41.22165,18.72309,0.006984437,0.003865215,NA,NA,2018-09-28 04:00:00,"OakWillow",NA,"JRB",NA,NA,NA,NA,NA,41.22165,18.72309,0.998458581213492,8.22937414658881,13.5670481104868,0.503321810526664,26.955017300543,16.3501242633968,0.557481862944659,0.641500502175426,27.0011910384443,-0.12525367881,2505658726.09529,0.501055514481455,20.6543350485245,7.19556960836303,14.847179072268
"8","Samp",NA,NA,1,"b",6,"J63",18.72,26.47,672.337992190715,31031,1899-12-31 13:03:10,1.030351e-08,4.677764e-09,2.498844e-10,1.407201e-11,3.878832e-07,7.198051e-11,1.804657e-11,41.23312,18.71971,0.006986017,0.003857947,NA,NA,2018-09-28 04:00:00,"OakWillow",NA,"JRB",NA,NA,NA,NA,NA,41.23312,18.71971,0.998458581213492,8.22937414658881,13.5670481104868,0.503321810526664,26.955017300543,16.3501242633968,0.557481862944659,0.641500502175426,27.0085490492043,-0.12525367881,2505658726.09529,0.500871348565087,20.6524884199461,7.19215324009402,14.8444987740232
"9","Samp",NA,NA,1,"a",7,"J64",18.72,26.47,672.337992190715,31096,1899-12-31 13:06:23,1.031534e-08,4.676669e-09,2.500466e-10,1.417003e-11,3.888929e-07,7.196701e-11,1.807218e-11,41.25365,18.70319,0.0069767,0.003864327,NA,NA,2018-09-28 04:00:00,"OakWillow",NA,"JRB",NA,NA,NA,NA,NA,41.25365,18.70319,0.998458581213492,8.22937414658881,13.5670481104868,0.503321810526664,26.955017300543,16.3501242633968,0.557481862944659,0.641500502175426,27.0217190545139,-0.12525367881,2505658726.09529,0.50127776641046,20.6795375282789,7.19046965627109,14.8313986181048
"10","Samp",NA,NA,1,"b",7,"J64",18.72,26.47,672.337992190715,31110,1899-12-31 13:07:05,1.030186e-08,4.671111e-09,2.497723e-10,1.412375e-11,3.875775e-07,7.187122e-11,1.805031e-11,41.24502,18.70148,0.006976526,0.003864242,NA,NA,2018-09-28 04:00:00,"OakWillow",NA,"JRB",NA,NA,NA,NA,NA,41.24502,18.70148,0.998458581213492,8.22937414658881,13.5670481104868,0.503321810526664,26.955017300543,16.3501242633968,0.557481862944659,0.641500502175426,27.0161829051802,-0.12525367881,2505658726.09529,0.500590464221892,20.6468637086412,7.18192412304016,14.8300426092295
"11","Samp",NA,NA,1,"a",8,"J65",17.71,26.51,673.353992178914,31159,1899-12-31 13:09:31,1.050999e-08,4.885817e-09,2.549017e-10,1.396835e-11,3.996696e-07,7.343465e-11,1.885573e-11,41.23156,19.16746,0.006987127,0.003859279,NA,NA,2018-09-28 08:00:00,"OakWillow",NA,"JRB",NA,NA,NA,NA,NA,41.23156,19.16746,0.998647747681769,8.41561945136947,13.845700144429,0.514625581024425,26.9044148891072,16.3528976437921,0.557481862944659,0.641500502175426,27.0075483084209,-0.12525367881,2505658726.09529,0.513442990091525,21.1700554525381,7.5120387790099,15.1995589926948
"12","Samp",NA,NA,1,"b",8,"J65",17.71,26.51,673.353992178914,31173,1899-12-31 13:10:13,1.050353e-08,4.885222e-09,2.547065e-10,1.396092e-11,3.996681e-07,7.330225e-11,1.882747e-11,41.23777,19.17981,0.006978822,0.003853964,NA,NA,2018-09-28 08:00:00,"OakWillow",NA,"JRB",NA,NA,NA,NA,NA,41.23777,19.17981,0.998647747681769,8.41561945136947,13.845700144429,0.514625581024425,26.9044148891072,16.3528976437921,0.557481862944659,0.641500502175426,27.0115320265394,-0.12525367881,2505658726.09529,0.512953885508191,21.1530743511931,7.51112395492346,15.2093523901277
"13","Samp",NA,NA,1,"a",9,"J61",20.7,26.44,671.575992199565,31214,1899-12-31 13:12:15,1.008967e-08,4.550302e-09,2.438292e-10,1.456376e-11,3.790486e-07,7.037218e-11,1.757189e-11,41.38008,18.66184,0.006974675,0.003861698,NA,NA,2018-09-28 00:00:00,"OakWillow",NA,"JRB",NA,NA,NA,NA,NA,41.38008,18.66184,0.998055887903758,7.8982172285295,13.074286517297,0.483225683266661,27.0562740558683,16.3447794726817,0.557481862944659,0.641500502175426,27.102823963004,-0.12525367881,2505658726.09529,0.485699083846835,20.0982669455087,6.99617793302661,14.7986085789265
"14","Samp",NA,NA,1,"b",9,"J61",20.7,26.44,671.575992199565,31228,1899-12-31 13:12:57,1.007205e-08,4.538413e-09,2.434425e-10,1.45597e-11,3.772764e-07,7.027249e-11,1.751224e-11,41.37341,18.64265,0.006976982,0.003858671,NA,NA,2018-09-28 00:00:00,"OakWillow",NA,"JRB",NA,NA,NA,NA,NA,41.37341,18.64265,0.998055887903758,7.8982172285295,13.074286517297,0.483225683266661,27.0562740558683,16.3447794726817,0.557481862944659,0.641500502175426,27.0985451546545,-0.12525367881,2505658726.09529,0.484730145617454,20.0549390539906,6.97789836401213,14.7833911459923
"15","Samp",NA,NA,2,"a",12,"J55",19.68,26.48,672.591992187765,31505,1899-12-31 13:26:44,1.019054e-08,5.356722e-09,2.470912e-10,1.246122e-11,4.056448e-07,7.120945e-11,2.058988e-11,41.24203,21.67913,0.006987798,0.003843747,NA,NA,2018-09-27 12:00:00,"OakWillow",NA,"JRB",NA,NA,NA,NA,NA,41.24203,21.67913,0.998268527991499,8.07358250499372,13.3364041137927,0.493872007460357,27.0037659805273,16.3475199708333,1.11875800745779,0.626934210436556,26.9747975223086,-0.108502616312438,2461444628.50295,0.499698690677911,20.6085883918991,8.31910868702057,17.1759968726558
"16","Samp",NA,NA,2,"b",12,"J55",19.68,26.48,672.591992187765,31523,1899-12-31 13:27:38,1.017759e-08,5.352706e-09,2.467104e-10,1.249059e-11,4.049571e-07,7.109075e-11,2.052044e-11,41.25318,21.69631,0.006985028,0.003833658,NA,NA,2018-09-27 12:00:00,"OakWillow",NA,"JRB",NA,NA,NA,NA,NA,41.25318,21.69631,0.998268527991499,8.07358250499372,13.3364041137927,0.493872007460357,27.0037659805273,16.3475199708333,1.11875800745779,0.626934210436556,26.9817878387549,-0.108502616312438,2461444628.50295,0.498761372563377,20.575492679404,8.31287174948917,17.1896082872408
"17","Samp",NA,NA,2,"a",13,"J50",19.7,26.39,670.305992214317,31578,1899-12-31 13:30:22,9.9956e-09,4.643119e-09,2.413877e-10,1.036352e-11,3.785043e-07,6.972161e-11,1.791431e-11,41.40891,19.23512,0.00697523,0.003858249,NA,NA,2018-09-27 04:00:00,"OakLolomai",NA,"JRB",NA,NA,NA,NA,NA,41.40891,19.23512,0.998264463866538,8.04217857594982,13.2850761744422,0.49195261073442,27.0047884380761,16.3474659966616,1.11875800745779,0.626934210436556,27.0794203033462,-0.108502616312438,2461444628.50295,0.485659841239244,20.1106446564902,7.21086731918704,15.2396503441401
"18","Samp",NA,NA,2,"b",13,"J50",19.7,26.39,670.305992214317,31596,1899-12-31 13:31:15,9.978685e-09,4.62537e-09,2.40936e-10,1.031985e-11,3.792475e-07,6.956882e-11,1.784683e-11,41.41632,19.1975,0.006971742,0.003858465,NA,NA,2018-09-27 04:00:00,"OakLolomai",NA,"JRB",NA,NA,NA,NA,NA,41.41632,19.1975,0.998264463866538,8.04217857594982,13.2850761744422,0.49195261073442,27.0047884380761,16.3474659966616,1.11875800745779,0.626934210436556,27.0840658858455,-0.108502616312438,2461444628.50295,0.484548006700549,20.0681953008721,7.1833027264966,15.2098446737858
"19","Samp",NA,NA,2,"a",14,"J51",19.18,26.42,671.067992205466,31646,1899-12-31 13:33:44,1.003593e-08,4.64983e-09,2.42392e-10,9.947769e-12,3.81079e-07,6.99747e-11,1.793262e-11,41.40371,19.1831,0.006972419,0.003856618,NA,NA,2018-09-27 06:00:00,"OakLolomai",NA,"JRB",NA,NA,NA,NA,NA,41.40371,19.1831,0.998368747170606,8.13675196108184,13.42696239724,0.49769497883427,26.9782958805198,16.3488729183891,1.11875800745779,0.626934210436556,27.0761602454519,-0.108502616312438,2461444628.50295,0.48813187007965,20.2104703905355,7.2212896517999,15.1984358047506
"20","Samp",NA,NA,2,"b",14,"J51",19.18,26.42,671.067992205466,31665,1899-12-31 13:34:41,1.002284e-08,4.642342e-09,2.422216e-10,9.924784e-12,3.799353e-07,6.999844e-11,1.791219e-11,41.37879,19.16568,0.006983895,0.003858439,NA,NA,2018-09-27 06:00:00,"OakLolomai",NA,"JRB",NA,NA,NA,NA,NA,41.37879,19.16568,0.998368747170606,8.13675196108184,13.42696239724,0.49769497883427,26.9782958805198,16.3488729183891,1.11875800745779,0.626934210436556,27.0605370449279,-0.108502616312438,2461444628.50295,0.487712439914953,20.1809506316285,7.20966062086486,15.1846342423483
"21","Samp",NA,NA,2,"a",15,"J59",20.83,26.39,670.305992214317,31731,1899-12-31 13:37:58,9.831202e-09,4.455157e-09,2.368736e-10,1.360885e-11,3.702202e-07,6.861397e-11,1.719772e-11,41.504,18.80816,0.006979205,0.003860184,NA,NA,2018-09-27 20:00:00,"OakWillow",NA,"JRB",NA,NA,NA,NA,NA,41.504,18.80816,0.998028006055858,7.86255842067541,13.0187808354548,0.481054253299551,27.0630199112865,16.3444317699015,1.11875800745779,0.626934210436556,27.1390354774166,-0.108502616312438,2461444628.50295,0.474548634041719,19.6956665072675,6.91895814282326,14.9013773772476
"22","Samp",NA,NA,2,"b",15,"J59",20.83,26.39,670.305992214317,31742,1899-12-31 13:38:31,9.811583e-09,4.447064e-09,2.365239e-10,1.358075e-11,3.698844e-07,6.836093e-11,1.716414e-11,41.48241,18.80175,0.00696737,0.003859656,NA,NA,2018-09-27 20:00:00,"OakWillow",NA,"JRB",NA,NA,NA,NA,NA,41.48241,18.80175,0.998028006055858,7.86255842067541,13.0187808354548,0.481054253299551,27.0630199112865,16.3444317699015,1.11875800745779,0.626934210436556,27.1254999678133,-0.108502616312438,2461444628.50295,0.473687866855132,19.64971430491,6.90638953340055,14.8962988459618
"23","Samp",NA,NA,2,"a",16,"J37",22.01,26.31,668.273992237918,31808,1899-12-31 13:41:47,9.62931e-09,4.914901e-09,2.323921e-10,7.127215e-12,3.802828e-07,6.754972e-11,1.893238e-11,41.43561,21.14917,0.007015011,0.003852036,NA,NA,2018-09-26 16:00:00,"OakLolomai",NA,"JRB",NA,NA,NA,NA,NA,41.43561,21.14917,0.997766985035431,7.65837007294831,12.7120879553744,0.468651571932683,27.1248166371249,16.3412874971608,1.11875800745779,0.626934210436556,27.0961594467649,-0.108502616312438,2461444628.50295,0.463517669939083,19.2061373997046,7.63295082420669,16.7561188008589
"24","Samp",NA,NA,2,"b",16,"J37",22.01,26.31,668.273992237918,31817,1899-12-31 13:42:14,9.615107e-09,4.910008e-09,2.318717e-10,7.100338e-12,3.799379e-07,6.741643e-11,1.888937e-11,41.46736,21.17554,0.007011511,0.003847117,NA,NA,2018-09-26 16:00:00,"OakLolomai",NA,"JRB",NA,NA,NA,NA,NA,41.46736,21.17554,0.997766985035431,7.65837007294831,12.7120879553744,0.468651571932683,27.1248166371249,16.3412874971608,1.11875800745779,0.626934210436556,27.1160646079462,-0.108502616312438,2461444628.50295,0.46223673415441,19.1677370604052,7.62535188612373,16.7770112922796
"25","Samp",NA,NA,2,"a",17,"J41",21.37,26.34,669.035992229068,31870,1899-12-31 13:44:52,9.621912e-09,4.568816e-09,2.318131e-10,9.03938e-12,3.703176e-07,6.697182e-11,1.76284e-11,41.50721,19.70905,0.006960345,0.003858417,NA,NA,2018-09-26 20:00:00,"OakLolomai",NA,"JRB",NA,NA,NA,NA,NA,41.50721,19.70905,0.997910322515608,7.76402025443651,12.8701300858495,0.47506729234239,27.0911727523724,16.3429905185744,1.11875800745779,0.626934210436556,27.1410479362321,-0.108502616312438,2461444628.50295,0.46209249349918,19.1801701670941,7.09547310370009,15.6151368234342
"26","Samp",NA,NA,2,"b",17,"J41",21.37,26.34,669.035992229068,31884,1899-12-31 13:45:34,9.617425e-09,4.562734e-09,2.316853e-10,9.049624e-12,3.700278e-07,6.698873e-11,1.756503e-11,41.51073,19.69367,0.006965349,0.003849672,NA,NA,2018-09-26 20:00:00,"OakLolomai",NA,"JRB",NA,NA,NA,NA,NA,41.51073,19.69367,0.997910322515608,7.76402025443651,12.8701300858495,0.47506729234239,27.0911727523724,16.3429905185744,1.11875800745779,0.626934210436556,27.1432547446529,-0.108502616312438,2461444628.50295,0.461777920875657,19.1687385934308,7.08602762210996,15.6029515174785
"27","Samp",NA,NA,2,"a",18,"J43",20.87,26.37,669.797992220217,31928,1899-12-31 13:47:45,9.639147e-09,4.502917e-09,2.322216e-10,8.517462e-12,3.684439e-07,6.719927e-11,1.733587e-11,41.50841,19.39061,0.006971495,0.00384992,NA,NA,2018-09-26 20:00:00,"OakLolomai",NA,"JRB",NA,NA,NA,NA,NA,41.50841,19.39061,0.998019391818499,7.85020643920067,12.9994116475184,0.480301665143018,27.0650980226096,16.3443248460593,1.11875800745779,0.626934210436556,27.1418002572847,-0.108502616312438,2461444628.50295,0.463097993629923,19.2224613897682,6.99313048756919,15.3628423612427
"28","Samp",NA,NA,2,"b",18,"J43",20.87,26.37,669.797992220217,31938,1899-12-31 13:48:15,9.646771e-09,4.503574e-09,2.324148e-10,8.511631e-12,3.688747e-07,6.731018e-11,1.736704e-11,41.50671,19.37732,0.006977483,0.00385628,NA,NA,2018-09-26 22:00:00,"OakLolomai",NA,"JRB",NA,NA,NA,NA,NA,41.50671,19.37732,0.998019391818499,7.85020643920067,12.9994116475184,0.480301665143018,27.0650980226096,16.3443248460593,1.11875800745779,0.626934210436556,27.1407344691269,-0.108502616312438,2461444628.50295,0.46357354473215,19.2414126848694,6.99415082321613,15.3523129258623
"29","Samp",NA,NA,3,"a",21,"J53",17.74,26.54,674.115992170063,32156,1899-12-31 13:59:06,1.036262e-08,4.806572e-09,2.507074e-10,1.380679e-11,3.973363e-07,7.220718e-11,1.854038e-11,41.33353,19.17204,0.006968041,0.003857298,NA,NA,2018-09-27 08:00:00,"OakWillow",NA,"JRB",NA,NA,NA,NA,NA,41.33353,19.17204,0.998642290575885,8.42011081938852,13.8539285669185,0.514902845314642,26.9059079649342,16.3528147028266,0.260546140770634,0.647637130087317,27.0296748863487,-0.120242235427153,2519380590.06026,0.511385121917321,21.1373522783233,7.48104976905472,15.1849644868697
"30","Samp",NA,NA,3,"b",21,"J53",17.74,26.54,674.115992170063,32168,1899-12-31 13:59:42,1.035564e-08,4.799722e-09,2.506005e-10,1.387822e-11,3.968716e-07,7.221457e-11,1.850432e-11,41.32331,19.15288,0.006973451,0.003855291,NA,NA,2018-09-27 08:00:00,"OakWillow",NA,"JRB",NA,NA,NA,NA,NA,41.32331,19.15288,0.998642290575885,8.42011081938852,13.8539285669185,0.514902845314642,26.9059079649342,16.3528147028266,0.260546140770634,0.647637130087317,27.0230560348792,-0.120242235427153,2519380590.06026,0.511115800132244,21.1209966547628,7.4703882849621,15.1697890585079
"31","Samp",NA,NA,3,"a",22,"J47",20.18,26.39,670.305992214317,32217,1899-12-31 14:02:08,9.861616e-09,4.556739e-09,2.380842e-10,1.015137e-11,3.761484e-07,6.877961e-11,1.757418e-11,41.42071,19.13919,0.006974476,0.003856746,NA,NA,2018-09-27 02:00:00,"OakLolomai",NA,"JRB",NA,NA,NA,NA,NA,41.42071,19.13919,0.998165656662633,7.96500752320826,13.1706341796574,0.487270458496002,27.0294124136103,16.3461736379276,0.260546140770634,0.647637130087317,27.0861358913497,-0.120242235427153,2519380590.06026,0.479582476852873,19.8646466948046,7.09220443251295,15.1589460723768
"32","Samp",NA,NA,3,"b",22,"J47",20.18,26.39,670.305992214317,32230,1899-12-31 14:02:46,9.854737e-09,4.549689e-09,2.379782e-10,1.009993e-11,3.759032e-07,6.867302e-11,1.756015e-11,41.41026,19.11809,0.006968528,0.003859638,NA,NA,2018-09-27 02:00:00,"OakLolomai",NA,"JRB",NA,NA,NA,NA,NA,41.41026,19.11809,0.998165656662633,7.96500752320826,13.1706341796574,0.487270458496002,27.0294124136103,16.3461736379276,0.260546140770634,0.647637130087317,27.0793680833403,-0.120242235427153,2519380590.06026,0.479315422510326,19.8485762681625,7.08123166421325,15.1422340922916
"33","Samp",NA,NA,3,"a",23,"J56",19.68,26.48,672.591992187765,32289,1899-12-31 14:05:42,1.005906e-08,5.275224e-09,2.4414e-10,1.226296e-11,4.052227e-07,7.023482e-11,2.025498e-11,41.20201,21.60737,0.006982245,0.003839644,NA,NA,2018-09-27 12:00:00,"OakWillow",NA,"JRB",NA,NA,NA,NA,NA,41.20201,21.60737,0.998268527991499,8.07358250499372,13.3364041137927,0.493872007460357,27.0037659805273,16.3475199708333,0.260546140770634,0.647637130087317,26.9444976509996,-0.120242235427153,2519380590.06026,0.49483934183016,20.3883755104797,8.21046960014579,17.1138358831221
"34","Samp",NA,NA,3,"b",23,"J56",19.68,26.48,672.591992187765,32302,1899-12-31 14:06:21,1.005068e-08,5.276098e-09,2.439915e-10,1.226192e-11,4.044861e-07,7.023205e-11,2.02774e-11,41.19276,21.62411,0.006987789,0.003843258,NA,NA,2018-09-27 12:00:00,"OakWillow",NA,"JRB",NA,NA,NA,NA,NA,41.19276,21.62411,0.998268527991499,8.07358250499372,13.3364041137927,0.493872007460357,27.0037659805273,16.3475199708333,0.260546140770634,0.647637130087317,26.9385070075463,-0.120242235427153,2519380590.06026,0.494465213812536,20.3683868809285,8.21182991213074,17.1270945820144
"35","Samp",NA,NA,3,"a",24,"J40",21.78,26.31,668.273992237918,32367,1899-12-31 14:09:35,9.672693e-09,4.741158e-09,2.33532e-10,7.394413e-12,3.756572e-07,6.781372e-11,1.827718e-11,41.41913,20.30196,0.007010842,0.003855004,NA,NA,2018-09-26 18:00:00,"OakLolomai",NA,"JRB",NA,NA,NA,NA,NA,41.41913,20.30196,0.997818975833681,7.69282414149906,12.7630921933007,0.470742362606427,27.1126909476205,16.3418989931246,0.260546140770634,0.647637130087317,27.0851126246841,-0.120242235427153,2519380590.06026,0.4681137525308,19.3888643708611,7.37923804344384,16.0799029009875
"36","Samp",NA,NA,3,"b",24,"J40",21.78,26.31,668.273992237918,32383,1899-12-31 14:10:23,9.669555e-09,4.735751e-09,2.334237e-10,7.359359e-12,3.775223e-07,6.776772e-11,1.824625e-11,41.42491,20.28822,0.00700836,0.003852873,NA,NA,2018-09-26 18:00:00,"OakLolomai",NA,"JRB",NA,NA,NA,NA,NA,41.42491,20.28822,0.997818975833681,7.69282414149906,12.7630921933007,0.470742362606427,27.1126909476205,16.3418989931246,0.260546140770634,0.647637130087317,27.088855967296,-0.120242235427153,2519380590.06026,0.467840903612897,19.3802673264829,7.37082247490533,16.0690203130078
"37","Samp",NA,NA,3,"a",25,"J45",20.51,26.38,670.051992217267,32435,1899-12-31 14:12:58,9.83006e-09,4.556004e-09,2.373375e-10,9.578727e-12,3.740478e-07,6.849906e-11,1.757531e-11,41.41806,19.19631,0.006968325,0.003857617,NA,NA,2018-09-27 00:00:00,"OakLolomai",NA,"JRB",NA,NA,NA,NA,NA,41.41806,19.19631,0.998096322696294,7.90962237143379,13.0879980635391,0.483908405844855,27.0464366922679,16.3452882320248,0.260546140770634,0.647637130087317,27.0844196529549,-0.120242235427153,2519380590.06026,0.477701255366275,19.7854592568357,7.09106046305192,15.2041872241525
"38","Samp",NA,NA,3,"b",25,"J45",20.51,26.38,670.051992217267,32449,1899-12-31 14:13:39,9.840313e-09,4.555608e-09,2.374996e-10,9.626165e-12,3.736086e-07,6.863358e-11,1.75946e-11,41.43296,19.18154,0.006974736,0.003862184,NA,NA,2018-09-27 00:00:00,"OakLolomai",NA,"JRB",NA,NA,NA,NA,NA,41.43296,19.18154,0.998096322696294,7.90962237143379,13.0879980635391,0.483908405844855,27.0464366922679,16.3452882320248,0.260546140770634,0.647637130087317,27.0940694461933,-0.120242235427153,2519380590.06026,0.478109646959924,19.8094978781046,7.09044412032189,15.1924888380929
"39","Samp",NA,NA,3,"a",26,"J46",20.51,26.38,670.051992217267,32491,1899-12-31 14:15:45,9.873259e-09,4.565723e-09,2.383546e-10,9.724922e-12,3.748275e-07,6.893058e-11,1.761932e-11,41.42257,19.15517,0.006981543,0.003859042,NA,NA,2018-09-27 00:00:00,"OakLolomai",NA,"JRB",NA,NA,NA,NA,NA,41.42257,19.15517,0.998096322696294,7.90962237143379,13.0879980635391,0.483908405844855,27.0464366922679,16.3452882320248,0.260546140770634,0.647637130087317,27.0873404964116,-0.120242235427153,2519380590.06026,0.480263717364425,19.8937574509881,7.10618731909515,15.1716028231712
"40","Samp",NA,NA,3,"b",26,"J46",20.51,26.38,670.051992217267,32500,1899-12-31 14:16:11,9.869528e-09,4.564119e-09,2.383414e-10,9.731445e-12,3.74242e-07,6.882492e-11,1.761971e-11,41.40921,19.1495,0.006973476,0.003860484,NA,NA,2018-09-27 00:00:00,"OakLolomai",NA,"JRB",NA,NA,NA,NA,NA,41.40921,19.1495,0.998096322696294,7.90962237143379,13.0879980635391,0.483908405844855,27.0464366922679,16.3452882320248,0.260546140770634,0.647637130087317,27.0786880643537,-0.120242235427153,2519380590.06026,0.480230461540636,19.8859640303331,7.10369081975434,15.1671119735464
"41","Samp",NA,NA,3,"a",25,"J57",20.85,26.36,669.543992223167,32550,1899-12-31 14:18:40,9.895836e-09,4.886363e-09,2.394486e-10,1.242418e-11,3.866728e-07,6.916249e-11,1.878702e-11,41.32761,20.40673,0.006989049,0.003844785,NA,NA,2018-09-27 16:00:00,"OakWillow",NA,"JRB",NA,NA,NA,NA,NA,41.32761,20.40673,0.998023701005991,7.85025503778659,12.9989504741025,0.480303067609416,27.0640588218631,16.3443783044302,0.260546140770634,0.647637130087317,27.0258408745386,-0.120242235427153,2519380590.06026,0.483019919729951,19.9620588648307,7.60523815989182,16.1628846144248
"42","Samp",NA,NA,3,"b",25,"J57",20.85,26.36,669.543992223167,32560,1899-12-31 14:19:10,9.893825e-09,4.889432e-09,2.394503e-10,1.245158e-11,3.869758e-07,6.910147e-11,1.882457e-11,41.31892,20.4194,0.006984302,0.003850053,NA,NA,2018-09-27 16:00:00,"OakWillow",NA,"JRB",NA,NA,NA,NA,NA,41.31892,20.4194,0.998023701005991,7.85025503778659,12.9989504741025,0.480303067609416,27.0640588218631,16.3443783044302,0.260546140770634,0.647637130087317,27.0202129078781,-0.120242235427153,2519380590.06026,0.483024202676954,19.9580383884728,7.61001481604952,16.1729197228457
"43","Samp",NA,NA,4,"a",30,"J60",20.83,26.39,670.305992214317,32796,1899-12-31 14:30:55,9.980607e-09,4.541465e-09,2.411164e-10,1.36409e-11,3.757068e-07,6.958708e-11,1.753015e-11,41.39331,18.83515,0.006972229,0.003860021,NA,NA,2018-09-27 20:00:00,"OakWillow",NA,"JRB",NA,NA,NA,NA,NA,41.39331,18.83515,0.998028006055858,7.86255842067541,13.0187808354548,0.481054253299551,27.0630199112865,16.3444317699015,0.39546733950882,0.644235351560566,27.0625009596143,-0.0964318059544658,2424510747.95413,0.488157497353542,20.2064546167794,7.1042189547812,14.91226999092
"44","Samp",NA,NA,4,"b",30,"J60",20.83,26.39,670.305992214317,32810,1899-12-31 14:31:37,9.974921e-09,4.535243e-09,2.409279e-10,1.371391e-11,3.746805e-07,6.952405e-11,1.751383e-11,41.40211,18.82407,0.006969884,0.003861718,NA,NA,2018-09-27 20:00:00,"OakWillow",NA,"JRB",NA,NA,NA,NA,NA,41.40211,18.82407,0.998028006055858,7.86255842067541,13.0187808354548,0.481054253299551,27.0630199112865,16.3444317699015,0.39546733950882,0.644235351560566,27.068170230708,-0.0964318059544658,2424510747.95413,0.487700477077553,20.1918287990173,7.09448587298124,14.9034976715331
"45","Samp",NA,NA,4,"a",31,"J39",21.78,26.31,668.273992237918,32864,1899-12-31 14:34:18,9.811409e-09,4.797219e-09,2.371244e-10,7.523832e-12,3.793456e-07,6.880908e-11,1.851849e-11,41.37663,20.23081,0.00701317,0.003860256,NA,NA,2018-09-26 18:00:00,"OakLolomai",NA,"JRB",NA,NA,NA,NA,NA,41.37663,20.23081,0.997818975833681,7.69282414149906,12.7630921933007,0.470742362606427,27.1126909476205,16.3418989931246,0.39546733950882,0.644235351560566,27.0517551139503,-0.0964318059544658,2424510747.95413,0.478478850447709,19.7978423578002,7.50429523293398,16.0172497089221
"46","Samp",NA,NA,4,"b",31,"J39",21.78,26.31,668.273992237918,32880,1899-12-31 14:35:06,9.801418e-09,4.797584e-09,2.368566e-10,7.46777e-12,3.783588e-07,6.874845e-11,1.848927e-11,41.38123,20.25522,0.007014133,0.003853872,NA,NA,2018-09-26 18:00:00,"OakLolomai",NA,"JRB",NA,NA,NA,NA,NA,41.38123,20.25522,0.997818975833681,7.69282414149906,12.7630921933007,0.470742362606427,27.1126909476205,16.3418989931246,0.39546733950882,0.644235351560566,27.0547185965675,-0.0964318059544658,2424510747.95413,0.477829566469407,19.7731751908708,7.50486620285635,16.0365757302428
"47","Samp",NA,NA,4,"a",32,"J49",19.7,26.39,670.305992214317,32929,1899-12-31 14:37:32,1.003113e-08,4.649613e-09,2.427079e-10,1.026782e-11,3.792933e-07,7.004764e-11,1.795365e-11,41.33006,19.15724,0.006983025,0.003861321,NA,NA,2018-09-27 04:00:00,"OakLolomai",NA,"JRB",NA,NA,NA,NA,NA,41.33006,19.15724,0.998264463866538,8.04217857594982,13.2850761744422,0.49195261073442,27.0047884380761,16.3474659966616,0.39546733950882,0.644235351560566,27.0217530736281,-0.0964318059544658,2424510747.95413,0.492016106208911,20.3350551905807,7.27339499632764,15.1672768818327
"48","Samp",NA,NA,4,"b",32,"J49",19.7,26.39,670.305992214317,32944,1899-12-31 14:38:16,1.002504e-08,4.643145e-09,2.426767e-10,1.029057e-11,3.793946e-07,6.999024e-11,1.79277e-11,41.31027,19.13305,0.006981543,0.003861112,NA,NA,2018-09-27 04:00:00,"OakLolomai",NA,"JRB",NA,NA,NA,NA,NA,41.31027,19.13305,0.998264463866538,8.04217857594982,13.2850761744422,0.49195261073442,27.0047884380761,16.3474659966616,0.39546733950882,0.644235351560566,27.0090036560207,-0.0964318059544658,2424510747.95413,0.491940461473575,20.322193287398,7.26327709644301,15.1481250401389
"49","Samp",NA,NA,4,"a",33,"J42",21.37,26.34,669.035992229068,32992,1899-12-31 14:40:40,9.779243e-09,4.63355e-09,2.360833e-10,9.230613e-12,3.737075e-07,6.807929e-11,1.788053e-11,41.42284,19.62675,0.006961611,0.003858927,NA,NA,2018-09-26 20:00:00,"OakLolomai",NA,"JRB",NA,NA,NA,NA,NA,41.42284,19.62675,0.997910322515608,7.76402025443651,12.8701300858495,0.47506729234239,27.0911727523724,16.3429905185744,0.39546733950882,0.644235351560566,27.0815252295459,-0.0964318059544658,2424510747.95413,0.475954692308014,19.7153950667241,7.24826762683989,15.538999957223
"50","Samp",NA,NA,4,"b",33,"J42",21.37,26.34,669.035992229068,33004,1899-12-31 14:41:15,9.771242e-09,4.63165e-09,2.358251e-10,9.222862e-12,3.734146e-07,6.80993e-11,1.785093e-11,41.43427,19.64019,0.00696936,0.003854118,NA,NA,2018-09-26 20:00:00,"OakLolomai",NA,"JRB",NA,NA,NA,NA,NA,41.43427,19.64019,0.997910322515608,7.76402025443651,12.8701300858495,0.47506729234239,27.0911727523724,16.3429905185744,0.39546733950882,0.644235351560566,27.0888888396142,-0.0964318059544658,2424510747.95413,0.475328683632892,19.6948970163898,7.24529545464125,15.5496407489702
"51","Samp",NA,NA,4,"a",34,"J44",20.87,26.37,669.797992220217,33050,1899-12-31 14:43:32,9.807605e-09,4.582863e-09,2.366528e-10,8.698316e-12,3.730746e-07,6.839252e-11,1.769568e-11,41.44301,19.36534,0.006973417,0.003861272,NA,NA,2018-09-26 22:00:00,"OakLolomai",NA,"JRB",NA,NA,NA,NA,NA,41.44301,19.36534,0.998019391818499,7.85020643920067,12.9994116475184,0.480301665143018,27.0650980226096,16.3443248460593,0.39546733950882,0.644235351560566,27.0945194565869,-0.0964318059544658,2424510747.95413,0.477335451178974,19.7822178765647,7.16897789408604,15.3320349742881
"52","Samp",NA,NA,4,"b",34,"J44",20.87,26.37,669.797992220217,33060,1899-12-31 14:44:02,9.800741e-09,4.577641e-09,2.364301e-10,8.674731e-12,3.734635e-07,6.836077e-11,1.766695e-11,41.45302,19.3615,0.006975061,0.003859401,NA,NA,2018-09-26 22:00:00,"OakLolomai",NA,"JRB",NA,NA,NA,NA,NA,41.45302,19.3615,0.998019391818499,7.85020643920067,12.9994116475184,0.480301665143018,27.0650980226096,16.3443248460593,0.39546733950882,0.644235351560566,27.100968252456,-0.0964318059544658,2424510747.95413,0.476795512635405,19.7646139211857,7.16080911344326,15.3289947480746
"53","Samp",NA,NA,4,"a",35,"J58",20.85,26.36,669.543992223167,33116,1899-12-31 14:46:49,9.854338e-09,4.868606e-09,2.38313e-10,1.238891e-11,3.843648e-07,6.882424e-11,1.874917e-11,41.35041,20.42946,0.006984157,0.003851036,NA,NA,2018-09-27 16:00:00,"OakWillow",NA,"JRB",NA,NA,NA,NA,NA,41.35041,20.42946,0.998023701005991,7.85025503778659,12.9989504741025,0.480303067609416,27.0640588218631,16.3443783044302,0.39546733950882,0.644235351560566,27.0348632630324,-0.0964318059544658,2424510747.95413,0.481360623922728,19.9044591570606,7.61596599964141,16.1745259946802
"54","Samp",NA,NA,4,"b",35,"J58",20.85,26.36,669.543992223167,33127,1899-12-31 14:47:22,9.847119e-09,4.867294e-09,2.381615e-10,1.241807e-11,3.846627e-07,6.88161e-11,1.87125e-11,41.34639,20.43695,0.00698845,0.003844538,NA,NA,2018-09-27 16:00:00,"OakWillow",NA,"JRB",NA,NA,NA,NA,NA,41.34639,20.43695,0.998023701005991,7.85025503778659,12.9989504741025,0.480303067609416,27.0640588218631,16.3443783044302,0.39546733950882,0.644235351560566,27.0322734369191,-0.0964318059544658,2424510747.95413,0.480993310544413,19.8873370051604,7.61391363652319,16.1804560192476
"55","Samp",NA,NA,4,"a",36,"J54",17.74,26.54,674.115992170063,33173,1899-12-31 14:49:39,1.030171e-08,4.79564e-09,2.498558e-10,1.397042e-11,3.948609e-07,7.18296e-11,1.85007e-11,41.23064,19.19363,0.006972588,0.003857817,NA,NA,2018-09-27 08:00:00,"OakWillow",NA,"JRB",NA,NA,NA,NA,NA,41.23064,19.19363,0.998642290575885,8.42011081938852,13.8539285669185,0.514902845314642,26.9059079649342,16.3528147028266,0.39546733950882,0.644235351560566,26.9577031949759,-0.0964318059544658,2424510747.95413,0.509346266584213,21.0006725528777,7.5018252014068,15.1960877755591
"56","Samp",NA,NA,4,"b",36,"J54",17.74,26.54,674.115992170063,33182,1899-12-31 14:50:06,1.029856e-08,4.792377e-09,2.498349e-10,1.400406e-11,3.94711e-07,7.181594e-11,1.848012e-11,41.22147,19.18217,0.006973396,0.003856149,NA,NA,2018-09-27 08:00:00,"OakWillow",NA,"JRB",NA,NA,NA,NA,NA,41.22147,19.18217,0.998642290575885,8.42011081938852,13.8539285669185,0.514902845314642,26.9059079649342,16.3528147028266,0.39546733950882,0.644235351560566,26.9517955568021,-0.0964318059544658,2424510747.95413,0.50929559430958,20.9939130619645,7.49672088673093,15.1870146004532
"57","Samp",NA,NA,5,"a",39,"J48",20.18,26.39,670.305992214317,33429,1899-12-31 15:02:24,9.769789e-09,4.518746e-09,2.356285e-10,9.828958e-12,3.745363e-07,6.813385e-11,1.742017e-11,41.46267,19.17741,0.006973932,0.003855089,NA,NA,2018-09-27 02:00:00,"OakLolomai",NA,"JRB",NA,NA,NA,NA,NA,41.46267,19.17741,0.998165656662633,7.96500752320826,13.1706341796574,0.487270458496002,27.0294124136103,16.3461736379276,-0.143599844156479,0.656441922189033,27.0742349497331,-0.114909461738131,2545122732.29472,0.484793989988376,20.1008532248714,7.16717424059499,15.1719947670225
"58","Samp",NA,NA,5,"b",39,"J48",20.18,26.39,670.305992214317,33448,1899-12-31 15:03:21,9.75021e-09,4.505909e-09,2.351147e-10,9.912346e-12,3.739023e-07,6.801332e-11,1.7378e-11,41.47002,19.16473,0.006975575,0.003856713,NA,NA,2018-09-27 02:00:00,"OakLolomai",NA,"JRB",NA,NA,NA,NA,NA,41.47002,19.16473,0.998165656662633,7.96500752320826,13.1706341796574,0.487270458496002,27.0294124136103,16.3461736379276,-0.143599844156479,0.656441922189033,27.0790597978612,-0.114909461738131,2545122732.29472,0.483486305928523,20.050186776582,7.14681349986592,15.161963125959
"59","Samp",NA,NA,5,"a",40,"J31",20.09,26.44,671.575992199565,33494,1899-12-31 15:05:38,9.827483e-09,4.800996e-09,2.376024e-10,1.117445e-11,3.852164e-07,6.858803e-11,1.852004e-11,41.36105,20.20601,0.006979207,0.003857541,NA,NA,2018-09-26 10:00:00,"OakLolomai",NA,"JRB",NA,NA,NA,NA,NA,41.36105,20.20601,0.998184367937565,7.99490418782749,13.2176103039482,0.489092191044884,27.0247829467701,16.3464155310829,-0.143599844156479,0.656441922189033,27.0075273216002,-0.114909461738131,2545122732.29472,0.489817807749653,20.2593788372238,7.61485041655353,15.985760224264
"60","Samp",NA,NA,5,"b",40,"J31",20.09,26.44,671.575992199565,33505,1899-12-31 15:06:11,9.817454e-09,4.801161e-09,2.37413e-10,1.117432e-11,3.857698e-07,6.851484e-11,1.849679e-11,41.35179,20.22282,0.006978881,0.003852566,NA,NA,2018-09-26 10:00:00,"OakLolomai",NA,"JRB",NA,NA,NA,NA,NA,41.35179,20.22282,0.998184367937565,7.99490418782749,13.2176103039482,0.489092191044884,27.0247829467701,16.3464155310829,-0.143599844156479,0.656441922189033,27.0014486694008,-0.114909461738131,2545122732.29472,0.489335761504156,20.23490964921,7.61511212273256,15.999059268923
"61","Samp",NA,NA,5,"a",41,"J30",19.6,26.44,671.575992199565,33553,1899-12-31 15:08:34,9.799568e-09,4.568351e-09,2.366558e-10,1.018493e-11,3.777687e-07,6.835647e-11,1.763076e-11,41.40853,19.30378,0.006975458,0.003859327,NA,NA,2018-09-26 08:00:00,"OakLolomai",NA,"JRB",NA,NA,NA,NA,NA,41.40853,19.30378,0.998284742039258,8.07408923578034,13.3350463752772,0.493896478915775,26.9996789702792,16.3477359739534,-0.143599844156479,0.656441922189033,27.0386951840658,-0.114909461738131,2545122732.29472,0.487408594571263,20.182873410562,7.2458526346018,15.2719709879359
"62","Samp",NA,NA,5,"b",41,"J30",19.6,26.44,671.575992199565,33566,1899-12-31 15:09:12,9.799618e-09,4.563903e-09,2.366287e-10,1.017269e-11,3.769308e-07,6.82741e-11,1.761474e-11,41.41347,19.28719,0.006967016,0.003859577,NA,NA,2018-09-26 08:00:00,"OakLolomai",NA,"JRB",NA,NA,NA,NA,NA,41.41347,19.28719,0.998284742039258,8.07408923578034,13.3350463752772,0.493896478915775,26.9996789702792,16.3477359739534,-0.143599844156479,0.656441922189033,27.0419380071614,-0.114909461738131,2545122732.29472,0.487339621745217,20.1824248049569,7.23879767045419,15.2588459938317
"63","Samp",NA,NA,5,"a",42,"J34",27.29,26.4,670.559992211366,33624,1899-12-31 15:12:05,9.650351e-09,5.016526e-09,2.334634e-10,8.224349e-12,3.894512e-07,6.727179e-11,1.930672e-11,41.33561,21.48742,0.006970917,0.003848623,NA,NA,2018-09-26 12:00:00,"OakLolomai",NA,"JRB",NA,NA,NA,NA,NA,41.33561,21.48742,0.996431393805252,6.95973890428946,11.6858764738402,0.42626678693195,27.4144663203745,16.327190195563,-0.143599844156479,0.656441922189033,26.9908274390997,-0.114909461738131,2545122732.29472,0.479283544760685,19.8114776856452,7.95670213029788,16.9995335030546
"64","Samp",NA,NA,5,"b",42,"J34",27.29,26.4,670.559992211366,33637,1899-12-31 15:12:44,9.633958e-09,5.015155e-09,2.331201e-10,8.196175e-12,3.901641e-07,6.73791e-11,1.928734e-11,41.32616,21.51318,0.006993916,0.003845812,NA,NA,2018-09-26 12:00:00,"OakLolomai",NA,"JRB",NA,NA,NA,NA,NA,41.32616,21.51318,0.996431393805252,6.95973890428946,11.6858764738402,0.42626678693195,27.4144663203745,16.327190195563,-0.143599844156479,0.656441922189033,26.9846240629351,-0.114909461738131,2545122732.29472,0.478409804126688,19.7708401109082,7.95452758986479,17.0199132407354
"65","Samp",NA,NA,5,"a",43,"J28",19.87,26.42,671.067992205466,33700,1899-12-31 15:15:52,9.682188e-09,4.491412e-09,2.338595e-10,9.938353e-12,3.743411e-07,6.7458e-11,1.730417e-11,41.40173,19.2056,0.006967227,0.003852723,NA,NA,2018-09-26 06:00:00,"OakLolomai",NA,"JRB",NA,NA,NA,NA,NA,41.40173,19.2056,0.998229747740946,8.02405102963861,13.2597740824616,0.490857483443477,27.0134907375584,16.3470076351858,-0.143599844156479,0.656441922189033,27.0342313789949,-0.114909461738131,2545122732.29472,0.480291667874947,19.8849059546082,7.12381983636593,15.1942969721942
"66","Samp",NA,NA,5,"b",43,"J28",19.87,26.42,671.067992205466,33712,1899-12-31 15:16:28,9.68196e-09,4.48666e-09,2.339144e-10,9.918536e-12,3.738522e-07,6.748895e-11,1.731228e-11,41.39104,19.18078,0.006970588,0.003858611,NA,NA,2018-09-26 06:00:00,"OakLolomai",NA,"JRB",NA,NA,NA,NA,NA,41.39104,19.18078,0.998229747740946,8.02405102963861,13.2597740824616,0.490857483443477,27.0134907375584,16.3470076351858,-0.143599844156479,0.656441922189033,27.0272140148467,-0.114909461738131,2545122732.29472,0.48043139511295,19.8855550923759,7.11628269840967,15.1746609050653
"67","Samp",NA,NA,5,"a",44,"J29",19.6,26.44,671.575992199565,33761,1899-12-31 15:18:54,9.695585e-09,4.513543e-09,2.343868e-10,1.00472e-11,3.755116e-07,6.760665e-11,1.741271e-11,41.36574,19.25681,0.006972932,0.003857882,NA,NA,2018-09-26 08:00:00,"OakLolomai",NA,"JRB",NA,NA,NA,NA,NA,41.36574,19.25681,0.998284742039258,8.07408923578034,13.3350463752772,0.493896478915775,26.9996789702792,16.3477359739534,-0.143599844156479,0.656441922189033,27.0106060342153,-0.114909461738131,2545122732.29472,0.481633711091686,19.9231348682538,7.15892177241603,15.2348111945015
"68","Samp",NA,NA,5,"b",44,"J29",19.6,26.44,671.575992199565,33771,1899-12-31 15:19:24,9.689002e-09,4.511886e-09,2.341546e-10,1.003056e-11,3.753156e-07,6.755955e-11,1.739089e-11,41.37866,19.26884,0.006972807,0.003854462,NA,NA,2018-09-26 08:00:00,"OakLolomai",NA,"JRB",NA,NA,NA,NA,NA,41.37866,19.26884,0.998284742039258,8.07408923578034,13.3350463752772,0.493896478915775,26.9996789702792,16.3477359739534,-0.143599844156479,0.656441922189033,27.01908726385,-0.114909461738131,2545122732.29472,0.481042733593247,19.9049037188256,7.15629360793927,15.2443285952896
"69","Samp",NA,NA,5,"a",45,"J27",19.87,26.42,671.067992205466,33811,1899-12-31 15:21:23,9.637456e-09,4.458664e-09,2.328238e-10,9.979036e-12,3.724438e-07,6.713064e-11,1.719246e-11,41.39378,19.15038,0.006965598,0.003855966,NA,NA,2018-09-26 06:00:00,"OakLolomai",NA,"JRB",NA,NA,NA,NA,NA,41.39378,19.15038,0.998229747740946,8.02405102963861,13.2597740824616,0.490857483443477,27.0134907375584,16.3470076351858,-0.143599844156479,0.656441922189033,27.0290126657135,-0.114909461738131,2545122732.29472,0.477655684261109,19.7719743100538,7.07187829726836,15.1506102829575
"70","Samp",NA,NA,5,"b",45,"J27",19.87,26.42,671.067992205466,33822,1899-12-31 15:21:56,9.642871e-09,4.457371e-09,2.329562e-10,9.969234e-12,3.736588e-07,6.718574e-11,1.719989e-11,41.39349,19.13395,0.0069674,0.003858752,NA,NA,2018-09-26 06:00:00,"OakLolomai",NA,"JRB",NA,NA,NA,NA,NA,41.39349,19.13395,0.998229747740946,8.02405102963861,13.2597740824616,0.490857483443477,27.0134907375584,16.3470076351858,-0.143599844156479,0.656441922189033,27.028822297556,-0.114909461738131,2545122732.29472,0.477992658510865,19.7857843301429,7.06982747248354,15.1376118710748
"71","Samp",NA,NA,6,"a",48,"J35",22,26.34,669.035992229068,34122,1899-12-31 15:36:53,9.633117e-09,5.048956e-09,2.329756e-10,7.213877e-12,3.911802e-07,6.75129e-11,1.940299e-11,41.34818,21.67161,0.007008417,0.003842971,NA,NA,2018-09-26 14:00:00,"OakLolomai",NA,"JRB",NA,NA,NA,NA,NA,41.34818,21.67161,0.997769256628771,7.66886365917903,12.7292377040727,0.469292960452002,27.1242886145415,16.341314073394,0.806151691328945,0.63362157020714,27.0052504281364,-0.122168971156195,2585580818.61398,0.480208271408888,19.8557380437036,8.02565426199813,17.1321656924795
"72","Samp",NA,NA,6,"b",48,"J35",22,26.34,669.035992229068,34133,1899-12-31 15:37:25,9.623433e-09,5.049608e-09,2.328394e-10,7.246408e-12,3.911269e-07,6.745587e-11,1.943874e-11,41.33077,21.68708,0.007009543,0.003849553,NA,NA,2018-09-26 14:00:00,"OakLolomai",NA,"JRB",NA,NA,NA,NA,NA,41.33077,21.68708,0.997769256628771,7.66886365917903,12.7292377040727,0.469292960452002,27.1242886145415,16.341314073394,0.806151691328945,0.63362157020714,26.9942190765991,-0.122168971156195,2585580818.61398,0.479856115301393,19.8328227346154,8.02669065973636,17.1443952685591
"73","Samp",NA,NA,6,"a",49,"J32",20.09,26.44,671.575992199565,34187,1899-12-31 15:40:06,9.872455e-09,4.847985e-09,2.390156e-10,1.126095e-11,3.90264e-07,6.890874e-11,1.866146e-11,41.30465,20.28313,0.006979899,0.003849323,NA,NA,2018-09-26 10:00:00,"OakLolomai",NA,"JRB",NA,NA,NA,NA,NA,41.30465,20.28313,0.998184367937565,7.99490418782749,13.2176103039482,0.489092191044884,27.0247829467701,16.3464155310829,0.806151691328945,0.63362157020714,26.9776688811853,-0.122168971156195,2585580818.61398,0.495825179553317,20.4798855026369,7.7061973757254,16.034523688923
"74","Samp",NA,NA,6,"b",49,"J32",20.09,26.44,671.575992199565,34199,1899-12-31 15:40:42,9.870566e-09,4.844548e-09,2.390311e-10,1.127416e-11,3.902155e-07,6.893897e-11,1.8672e-11,41.29406,20.26744,0.006984298,0.003854228,NA,NA,2018-09-26 10:00:00,"OakLolomai",NA,"JRB",NA,NA,NA,NA,NA,41.29406,20.26744,0.998184367937565,7.99490418782749,13.2176103039482,0.489092191044884,27.0247829467701,16.3464155310829,0.806151691328945,0.63362157020714,26.9709588287568,-0.122168971156195,2585580818.61398,0.495865256056005,20.476289635492,7.70073403366052,16.0221201951487
"75","Samp",NA,NA,6,"a",50,"J38",22.01,26.31,668.273992237918,34259,1899-12-31 15:43:41,9.589557e-09,4.914916e-09,2.319132e-10,7.091758e-12,3.837141e-07,6.724562e-11,1.894974e-11,41.34977,21.19292,0.00701238,0.003855556,NA,NA,2018-09-26 16:00:00,"OakLolomai",NA,"JRB",NA,NA,NA,NA,NA,41.34977,21.19292,0.997766985035431,7.65837007294831,12.7120879553744,0.468651571932683,27.1248166371249,16.3412874971608,0.806151691328945,0.63362157020714,27.006257886433,-0.122168971156195,2585580818.61398,0.477461350347193,19.7429170207458,7.81258869016937,16.7537445047905
"76","Samp",NA,NA,6,"b",50,"J38",22.01,26.31,668.273992237918,34269,1899-12-31 15:44:11,9.5833e-09,4.912048e-09,2.318408e-10,7.077083e-12,3.838643e-07,6.713648e-11,1.890065e-11,41.33569,21.18716,0.00700557,0.003847815,NA,NA,2018-09-26 16:00:00,"OakLolomai",NA,"JRB",NA,NA,NA,NA,NA,41.33569,21.18716,0.997766985035431,7.65837007294831,12.7120879553744,0.468651571932683,27.1248166371249,16.3412874971608,0.806151691328945,0.63362157020714,26.9973364947245,-0.122168971156195,2585580818.61398,0.477274154295925,19.7284564869885,7.80802981177483,16.7491910233284
"77","Samp",NA,NA,6,"a",51,"J33",27.29,26.4,670.559992211366,34335,1899-12-31 15:47:28,9.76738e-09,5.094031e-09,2.367203e-10,8.237407e-12,3.958898e-07,6.81552e-11,1.960164e-11,41.26127,21.5192,0.006977838,0.003847963,NA,NA,2018-09-26 12:00:00,"OakLolomai",NA,"JRB",NA,NA,NA,NA,NA,41.26127,21.5192,0.996431393805252,6.95973890428946,11.6858764738402,0.42626678693195,27.4144663203745,16.327190195563,0.806151691328945,0.63362157020714,26.9501823774697,-0.122168971156195,2585580818.61398,0.489890495900352,20.2135040217783,8.09730399827223,17.0116802567785
"78","Samp",NA,NA,6,"b",51,"J33",27.29,26.4,670.559992211366,34351,1899-12-31 15:48:15,9.760922e-09,5.094076e-09,2.366711e-10,8.267702e-12,3.948636e-07,6.816154e-11,1.959441e-11,41.24256,21.52386,0.006983105,0.00384651,NA,NA,2018-09-26 12:00:00,"OakLolomai",NA,"JRB",NA,NA,NA,NA,NA,41.24256,21.52386,0.996431393805252,6.95973890428946,11.6858764738402,0.42626678693195,27.4144663203745,16.327190195563,0.806151691328945,0.63362157020714,26.9383273178911,-0.122168971156195,2585580818.61398,0.489763285324076,20.1990916807753,8.09737552879098,17.015364149767
"79","Samp",NA,NA,6,"a",52,"J36",22,26.34,669.035992229068,34405,1899-12-31 15:50:56,9.653725e-09,5.078602e-09,2.340378e-10,7.250817e-12,3.908214e-07,6.765659e-11,1.952566e-11,41.24858,21.69993,0.00700834,0.003844693,NA,NA,2018-09-26 14:00:00,"OakLolomai",NA,"JRB",NA,NA,NA,NA,NA,41.24858,21.69993,0.997769256628771,7.66886365917903,12.7292377040727,0.469292960452002,27.1242886145415,16.341314073394,0.806151691328945,0.63362157020714,26.9421417197438,-0.122168971156195,2585580818.61398,0.48295467535442,19.9211945627308,8.07277856774593,17.1545536430014
"80","Samp",NA,NA,6,"b",52,"J36",22,26.34,669.035992229068,34417,1899-12-31 15:51:32,9.644724e-09,5.075953e-09,2.338313e-10,7.266478e-12,3.917891e-07,6.765444e-11,1.951159e-11,41.2465,21.70775,0.007014658,0.003843926,NA,NA,2018-09-26 14:00:00,"OakLolomai",NA,"JRB",NA,NA,NA,NA,NA,41.2465,21.70775,0.997769256628771,7.66886365917903,12.7292377040727,0.469292960452002,27.1242886145415,16.341314073394,0.806151691328945,0.63362157020714,26.9408237868777,-0.122168971156195,2585580818.61398,0.482420752915376,19.8981675851241,8.0685678045426,17.1607356265142
